pop2024,pop2020,growth,name,aland_sqmi,intptlat,intptlong,slug,usps,lsad,lng,lat,type,rank,density
357767,383241,-0.01749,New Orleans,169.5,30.0534,-89.9345,new-orleans-la,LA,2,-89.9345,30.0534,City,1,2111
217342,226264,-0.01016,Baton Rouge,86.943,30.4404,-91.1332,baton-rouge-la,LA,2,-91.1332,30.4404,City,2,2500
174996,186848,-0.01665,Shreveport,108.145,32.4669,-93.7922,shreveport-la,LA,2,-93.7922,32.4669,City,3,1618
138958,138511,-0.0039,Metairie,23.159,29.9978,-90.1778,metairie-la,LA,5,-90.1778,29.9978,CDP,4,6000
121471,121455,0.00003,Lafayette,56.015,30.2056,-92.0281,lafayette-la,LA,2,-92.0281,30.2056,City,5,2169
77884,84879,-0.02196,Lake Charles,47.469,30.199,-93.2108,lake-charles-la,LA,2,-93.2108,30.199,City,6,1641
62749,62704,0.00018,Bossier City,44.258,32.5237,-93.6554,bossier-city-la,LA,2,-93.6554,32.5237,City,7,1418
62346,66293,-0.01558,Kenner,14.889,30.0102,-90.2548,kenner-la,LA,2,-90.2548,30.0102,City,8,4187
46285,47609,-0.0071,Monroe,29.732,32.519,-92.0772,monroe-la,LA,2,-92.0772,32.519,City,9,1557
42920,45104,-0.01256,Alexandria,28.477,31.2934,-92.4702,alexandria-la,LA,2,-92.4702,31.2934,City,10,1507
34409,33228,0.00283,Prairieville,21.998,30.3135,-90.9581,prairieville-la,LA,5,-90.9581,30.3135,CDP,11,1564
32153,31751,0.00234,Marrero,7.2,29.8857,-90.1132,marrero-la,LA,5,-90.1132,29.8857,CDP,12,4466
31196,33342,-0.01692,Houma,14.467,29.5787,-90.708,houma-la,LA,2,-90.708,29.5787,City,13,2156
29855,29559,0.00248,Central,62.257,30.5593,-91.0355,central-la,LA,2,-91.0355,30.5593,City,14,480
28680,29232,-0.00479,Laplace,20.895,30.0722,-90.477,laplace-la,LA,5,-90.477,30.0722,CDP,15,1373
28448,28694,-0.00217,Slidell,15.274,30.2889,-89.7829,slidell-la,LA,2,-89.7829,30.2889,City,16,1863
26639,28402,-0.01629,New Iberia,11.141,30.0055,-91.8203,new-iberia-la,LA,2,-91.8203,30.0055,City,17,2391
26166,26044,0.00119,Terrytown,3.664,29.9025,-90.0281,terrytown-la,LA,5,-90.0281,29.9025,CDP,18,7141
23469,19700,0.04182,Hammond,14.256,30.5056,-90.4565,hammond-la,LA,2,-90.4565,30.5056,City,19,1646
22614,23111,0.00942,Chalmette,7.174,29.944,-89.966,chalmette-la,LA,5,-89.966,29.944,CDP,20,3152
22259,22155,0.00117,Ruston,21.188,32.533,-92.6353,ruston-la,LA,2,-92.6353,32.533,City,21,1051
21978,20992,0.01137,Harvey,6.487,29.8888,-90.0664,harvey-la,LA,5,-90.0664,29.8888,CDP,22,3388
21977,20307,0.01939,Bayou Cane,7.613,29.6244,-90.751,bayou-cane-la,LA,5,-90.751,29.6244,CDP,23,2887
20138,19457,0.00851,Zachary,26.859,30.6644,-91.1658,zachary-la,LA,2,-91.1658,30.6644,City,24,750
19928,21814,-0.02314,Sulphur,11.235,30.2298,-93.3563,sulphur-la,LA,2,-93.3563,30.2298,City,25,1774
18658,16033,0.03644,Youngsville,12.549,30.0958,-91.9965,youngsville-la,LA,2,-91.9965,30.0958,City,26,1487
16938,17966,-0.01495,Natchitoches,22.689,31.7348,-93.1009,natchitoches-la,LA,2,-93.1009,31.7348,City,27,747
16852,17330,-0.00701,Estelle,4.638,29.8415,-90.0942,estelle-la,LA,5,-90.0942,29.8415,CDP,28,3633
16780,17762,-0.01445,Gretna,4.036,29.9109,-90.0517,gretna-la,LA,2,-90.0517,29.9109,City,29,4158
16077,21045,-0.07171,Shenandoah,6.198,30.4026,-91.0037,shenandoah-la,LA,5,-91.0037,30.4026,CDP,30,2594
15561,15901,-0.00543,Thibodaux,6.792,29.7949,-90.8146,thibodaux-la,LA,2,-90.8146,29.7949,City,31,2291
15260,15778,-0.00845,Opelousas,9.672,30.5249,-92.0817,opelousas-la,LA,2,-92.0817,30.5249,City,32,1578
14888,13507,0.02372,Broussard,18.127,30.1408,-91.9561,broussard-la,LA,2,-91.9561,30.1408,City,33,821
14391,14522,0.00643,Luling,23.29,29.8985,-90.3532,luling-la,LA,5,-90.3532,29.8985,CDP,34,618
14221,12284,0.03523,Gonzales,9.142,30.2127,-90.9224,gonzales-la,LA,2,-90.9224,30.2127,City,35,1556
13912,14400,-0.00869,Pineville,12.611,31.3429,-92.4089,pineville-la,LA,2,-92.4089,31.3429,City,36,1103
13728,9371,0.08616,Carencro,7.856,30.3126,-92.0387,carencro-la,LA,2,-92.0387,30.3126,City,37,1747
13216,13690,-0.00549,River Ridge,2.796,29.9586,-90.222,river-ridge-la,LA,5,-90.222,29.9586,CDP,38,4727
13052,12840,0.00408,Mandeville,9.359,30.3767,-90.1011,mandeville-la,LA,2,-90.1011,30.3767,City,39,1395
12501,10629,0.03889,Gardere,3.321,30.3583,-91.1346,gardere-la,LA,5,-91.1346,30.3583,CDP,40,3764
12456,11658,0.01632,Destrehan,5.744,29.9721,-90.3542,destrehan-la,LA,5,-90.3542,29.9721,CDP,41,2169
12414,13997,0.03286,Bayou Blue,23.273,29.6325,-90.669,bayou-blue-la,LA,5,-90.669,29.6325,CDP,42,533
12414,11904,0.01042,Claiborne,9.957,32.5412,-92.1962,claiborne-la,LA,5,-92.1962,32.5412,CDP,43,1247
12363,13051,-0.01372,West Monroe,8.026,32.5123,-92.1511,west-monroe-la,LA,2,-92.1511,32.5123,City,44,1540
12297,10908,0.02655,Woodmere,3.652,29.8387,-90.0774,woodmere-la,LA,5,-90.0774,29.8387,CDP,45,3367
11930,12436,-0.01053,Baker,8.431,30.5832,-91.1582,baker-la,LA,2,-91.1582,30.5832,City,46,1415
11840,10352,0.01102,Moss Bluff,15.228,30.3088,-93.2079,moss-bluff-la,LA,5,-93.2079,30.3088,CDP,47,778
11641,11549,0.00198,Covington,8.02,30.4802,-90.1118,covington-la,LA,2,-90.1118,30.4802,City,48,1451
11326,10498,0.01862,Timberlane,1.504,29.877,-90.0292,timberlane-la,LA,5,-90.0292,29.877,CDP,49,7531
11321,10241,0.02443,Belle Chasse,8.168,29.8587,-90.0033,belle-chasse-la,LA,5,-90.0033,29.8587,CDP,50,1386
11278,10835,0.00822,Raceland,21.568,29.7235,-90.6298,raceland-la,LA,5,-90.6298,29.7235,CDP,51,523
11134,11685,-0.01224,Crowley,5.851,30.2179,-92.3748,crowley-la,LA,2,-92.3748,30.2179,City,52,1903
11042,11865,-0.01831,Minden,15.037,32.6191,-93.2728,minden-la,LA,2,-93.2728,32.6191,City,53,734
10798,11164,-0.00845,Abbeville,6.047,29.9754,-92.1272,abbeville-la,LA,2,-92.1272,29.9754,City,54,1786
10695,11406,-0.01637,Morgan City,5.984,29.7103,-91.1915,morgan-city-la,LA,2,-91.1915,29.7103,City,55,1787
10495,10917,-0.00991,Waggaman,5.733,29.9378,-90.2312,waggaman-la,LA,5,-90.2312,29.9378,CDP,56,1831
10250,10621,-0.00899,Bogalusa,9.505,30.7754,-89.8617,bogalusa-la,LA,2,-89.8617,30.7754,City,57,1078
9996,10286,-0.00715,Jefferson,2.707,29.9604,-90.1559,jefferson-la,LA,5,-90.1559,29.9604,CDP,58,3693
9516,9828,-0.00813,DeRidder,9.29,30.845,-93.2952,deridder-la,LA,2,-93.2952,30.845,City,59,1024
9350,9346,0.00011,Denham Springs,7.323,30.4743,-90.959,denham-springs-la,LA,2,-90.959,30.4743,City,60,1277
9225,9811,-0.01569,Jennings,10.56,30.224,-92.6583,jennings-la,LA,2,-92.6583,30.224,City,61,874
9185,7688,0.01469,Village St. George,2.233,30.3598,-91.0672,village-st-george-la,LA,5,-91.0672,30.3598,CDP,62,4113
9154,8472,0.01904,Oak Hills Place,3.113,30.3707,-91.0877,oak-hills-place-la,LA,5,-91.0877,30.3707,CDP,63,2941
9085,9387,-0.0083,Eunice,5.138,30.4904,-92.4191,eunice-la,LA,2,-92.4191,30.4904,City,64,1768
9073,8103,0.02752,Eden Isle,3.037,30.2252,-89.8092,eden-isle-la,LA,5,-89.8092,30.2252,CDP,65,2987
9003,7321,0.04906,Old Jefferson,3.519,30.3775,-91.006,old-jefferson-la,LA,5,-91.006,30.3775,CDP,66,2558
8908,8187,0.02062,Scott,11.733,30.2398,-92.0948,scott-la,LA,2,-92.0948,30.2398,City,67,759
8783,9607,-0.02292,Bastrop,8.558,32.7749,-91.9078,bastrop-la,LA,2,-91.9078,32.7749,City,68,1026
8592,9098,-0.01457,Harahan,2.018,29.9364,-90.2027,harahan-la,LA,2,-90.2027,29.9364,City,69,4258
8183,8469,-0.0086,Prien,5.331,30.151,-93.2742,prien-la,LA,5,-93.2742,30.151,CDP,70,1535
8017,8540,-0.01608,Westwego,3.116,29.9054,-90.1435,westwego-la,LA,2,-90.1435,29.9054,City,71,2573
7893,9523,-0.04036,Merrydale,4.243,30.4998,-91.1081,merrydale-la,LA,5,-91.1081,30.4998,CDP,72,1860
7831,8823,-0.0307,Fort Polk South,6.144,31.0542,-93.2167,fort-polk-south-la,LA,5,-93.2167,31.0542,CDP,73,1275
7783,7865,-0.00269,Ponchatoula,4.719,30.4406,-90.4428,ponchatoula-la,LA,2,-90.4428,30.4406,City,74,1649
7779,6790,0.03279,Addis,4.204,30.3695,-91.2636,addis-la,LA,4,-91.2636,30.3695,Village,75,1850
7723,6619,0.00954,Red Chute,9.221,32.5703,-93.6131,red-chute-la,LA,5,-93.6131,32.5703,CDP,76,838
7651,8187,0.02368,Meraux,4.148,29.9275,-89.9192,meraux-la,LA,5,-89.9192,29.9275,CDP,77,1845
7518,8506,-0.03181,Reserve,14.559,30.073,-90.555,reserve-la,LA,5,-90.555,30.073,CDP,78,516
7507,7479,0.00093,Breaux Bridge,7.716,30.2831,-91.9059,breaux-bridge-la,LA,2,-91.9059,30.2831,City,79,973
7423,6409,0.03543,Bridge City,4.18,29.9408,-90.1566,bridge-city-la,LA,5,-90.1566,29.9408,CDP,80,1776
6911,6707,0.00743,Donaldsonville,3.778,30.0951,-90.9925,donaldsonville-la,LA,2,-90.9925,30.0951,City,81,1829
6908,7220,-0.01117,Rayne,3.792,30.2405,-92.2673,rayne-la,LA,2,-92.2673,30.2405,City,82,1822
6879,6770,-0.04112,St. Rose,6.606,29.9635,-90.3079,st-rose-la,LA,5,-90.3079,29.9635,CDP,83,1041
6831,6438,0.01456,St. Gabriel,29.657,30.2552,-91.1004,st-gabriel-la,LA,2,-91.1004,30.2552,City,84,230
6776,7294,-0.01868,Lacombe,26.447,30.3141,-89.9306,lacombe-la,LA,5,-89.9306,30.3141,CDP,85,256
6397,6383,0.00047,Walker,6.594,30.4864,-90.8656,walker-la,LA,4,-90.8656,30.4864,Village,86,970
6359,6671,-0.01212,Oakdale,5.192,30.8164,-92.6559,oakdale-la,LA,2,-92.6559,30.8164,City,87,1225
6229,6675,-0.01766,Franklin,9.961,29.7849,-91.5096,franklin-la,LA,2,-91.5096,29.7849,City,88,625
6120,6308,-0.00762,Ville Platte,4.017,30.6899,-92.2742,ville-platte-la,LA,2,-92.2742,30.6899,City,89,1524
6115,5108,0.04032,Chackbay,27.746,29.8585,-90.807,chackbay-la,LA,5,-90.807,29.8585,CDP,90,220
6063,6099,-0.00148,Elmwood,3.774,29.954,-90.1874,elmwood-la,LA,5,-90.1874,29.954,CDP,91,1607
5923,6223,-0.0125,Plaquemine,2.923,30.2832,-91.2438,plaquemine-la,LA,2,-91.2438,30.2832,City,92,2026
5861,5362,0.02108,Cut Off,14.64,29.5163,-90.3297,cut-off-la,LA,5,-90.3297,29.5163,CDP,93,400
5848,7514,-0.06641,Galliano,11.144,29.4459,-90.3077,galliano-la,LA,5,-90.3077,29.4459,CDP,94,525
5712,6760,-0.04386,Inniswold,2.239,30.3982,-91.0709,inniswold-la,LA,5,-91.0709,30.3982,CDP,95,2551
5675,6463,-0.03355,Larose,10.868,29.5652,-90.3762,larose-la,LA,5,-90.3762,29.5652,CDP,96,522
5629,6251,-0.02697,Tallulah,2.783,32.4067,-91.1917,tallulah-la,LA,2,-91.1917,32.4067,City,97,2023
5547,5901,-0.01579,Patterson,2.524,29.6909,-91.3095,patterson-la,LA,2,-91.3095,29.6909,City,98,2198
5536,6366,-0.03604,Gray,11.48,29.678,-90.7831,gray-la,LA,5,-90.7831,29.678,CDP,99,482
5322,5665,-0.0159,Leesville,8.912,31.1411,-93.2842,leesville-la,LA,2,-93.2842,31.1411,City,100,597
5258,5337,-0.00379,Grambling,5.941,32.5263,-92.708,grambling-la,LA,2,-92.708,32.5263,City,101,885
5205,5404,-0.00951,St. Martinville,3.169,30.127,-91.8311,st-martinville-la,LA,2,-91.8311,30.127,City,102,1642
5204,5734,-0.02474,Schriever,14.254,29.7287,-90.8354,schriever-la,LA,5,-90.8354,29.7287,CDP,103,365
4953,5176,0.01538,Swartz,8.135,32.5809,-91.9869,swartz-la,LA,5,-91.9869,32.5809,CDP,104,609
4876,4931,-0.00286,Port Allen,2.835,30.4438,-91.2074,port-allen-la,LA,2,-91.2074,30.4438,City,105,1720
4851,4889,-0.00185,Avondale,5.557,29.901,-90.197,avondale-la,LA,5,-90.197,29.901,CDP,106,873
4851,5185,-0.01682,Carlyss,11.062,30.1767,-93.3696,carlyss-la,LA,5,-93.3696,30.1767,CDP,107,439
4780,5936,-0.05701,Brownfields,4.142,30.5434,-91.1241,brownfields-la,LA,5,-91.1241,30.5434,CDP,108,1154
4759,5061,-0.01572,Marksville,4.813,31.1254,-92.0651,marksville-la,LA,2,-92.0651,31.1254,City,109,989
4693,4926,-0.00782,Monticello,2.391,30.4881,-91.0447,monticello-la,LA,5,-91.0447,30.4881,CDP,110,1963
4606,4842,-0.01265,Winnsboro,3.998,32.1647,-91.7206,winnsboro-la,LA,2,-91.7206,32.1647,City,111,1152
4592,3866,0.04127,Eastwood,6.349,32.5607,-93.5625,eastwood-la,LA,5,-93.5625,32.5607,CDP,112,723
4566,4954,-0.0208,Westlake,3.824,30.261,-93.2635,westlake-la,LA,2,-93.2635,30.261,City,113,1194
4529,4711,-0.01005,Mansfield,3.652,32.0353,-93.6997,mansfield-la,LA,2,-93.6997,32.0353,City,114,1240
4517,4795,-0.01526,Jeanerette,2.308,29.9152,-91.6763,jeanerette-la,LA,2,-91.6763,29.9152,City,115,1957
4460,4742,-0.01567,Berwick,5.901,29.7005,-91.2352,berwick-la,LA,4,-91.2352,29.7005,Village,116,756
4420,4774,-0.01974,Springhill,6.213,33.0019,-93.4615,springhill-la,LA,2,-93.4615,33.0019,City,117,711
4400,4519,-0.00677,Haughton,5.722,32.5276,-93.5042,haughton-la,LA,4,-93.5042,32.5276,Village,118,769
4385,4207,0.01037,Arabi,1.755,29.953,-89.9963,arabi-la,LA,5,-89.9963,29.953,CDP,119,2499
4274,4533,-0.01498,New Roads,4.582,30.6959,-91.4538,new-roads-la,LA,2,-91.4538,30.6959,City,120,933
4145,4168,-0.00145,Jena,5.498,31.6902,-92.1286,jena-la,LA,4,-92.1286,31.6902,Village,121,754
4110,4329,-0.01321,Kaplan,2.329,30.006,-92.2839,kaplan-la,LA,2,-92.2839,30.006,City,122,1765
4050,3718,-0.01794,Brownsville,3.475,32.4883,-92.1618,brownsville-la,LA,5,-92.1618,32.4883,CDP,123,1165
4043,4019,0.00149,Amite City,3.877,30.7322,-90.5153,amite-city-la,LA,4,-90.5153,30.7322,Village,124,1043
3988,4111,-0.00771,Jonesboro,4.847,32.2335,-92.7106,jonesboro-la,LA,4,-92.7106,32.2335,Village,125,823
3981,4176,-0.01216,Church Point,2.894,30.4037,-92.2145,church-point-la,LA,4,-92.2145,30.4037,Village,126,1376
3937,3987,-0.00329,Jackson,4.464,30.8346,-91.2085,jackson-la,LA,4,-91.2085,30.8346,Village,127,882
3859,4130,-0.01732,Winnfield,3.642,31.924,-92.6425,winnfield-la,LA,2,-92.6425,31.924,City,128,1060
3829,4346,-0.01593,Bayou Vista,1.802,29.6906,-91.267,bayou-vista-la,LA,5,-91.267,29.6906,CDP,129,2125
3786,3989,-0.01329,Vidalia,2.594,31.5668,-91.4404,vidalia-la,LA,4,-91.4404,31.5668,Village,130,1460
3783,3879,-0.0063,Richwood,2.516,32.4486,-92.0773,richwood-la,LA,4,-92.0773,32.4486,Village,131,1504
3764,3951,-0.01233,Ball,7.951,31.4187,-92.4084,ball-la,LA,4,-92.4084,31.4187,Village,132,473
3715,3609,-0.01065,Hahnville,5.558,29.9613,-90.424,hahnville-la,LA,5,-90.424,29.9613,CDP,133,668
3606,6086,-0.1367,Violet,3.926,29.8967,-89.8929,violet-la,LA,5,-89.8929,29.8967,CDP,134,918
3562,3637,-0.00531,Franklinton,4.371,30.8482,-90.1459,franklinton-la,LA,4,-90.1459,30.8482,Village,135,815
3339,3521,-0.01359,Blanchard,3.466,32.6027,-93.8831,blanchard-la,LA,4,-93.8831,32.6027,Village,136,963
3301,2847,0.03577,Natalbany,4.426,30.5489,-90.4875,natalbany-la,LA,5,-90.4875,30.5489,CDP,137,746
3275,3330,-0.00426,Welsh,6.322,30.2356,-92.8124,welsh-la,LA,4,-92.8124,30.2356,Village,138,518
3260,3364,-0.00791,Farmerville,5.78,32.7751,-92.4005,farmerville-la,LA,4,-92.4005,32.7751,Village,139,564
3206,2800,0.01456,Lakeshore,0.849,32.5349,-92.0338,lakeshore-la,LA,5,-92.0338,32.5349,CDP,140,3776
3184,3342,-0.01241,Rayville,2.31,32.471,-91.7574,rayville-la,LA,4,-91.7574,32.471,Village,141,1378
3159,3343,-0.01435,Bunkie,3.022,30.9537,-92.1881,bunkie-la,LA,2,-92.1881,30.9537,City,142,1045
3124,2978,0.01166,Sunset,3.227,30.4059,-92.0624,sunset-la,LA,4,-92.0624,30.4059,Village,143,968
3101,2713,0.03229,Westminster,1.025,30.4076,-91.09,westminster-la,LA,5,-91.09,30.4076,CDP,144,3025
3079,1815,0.11437,Pierre Part,3.073,29.9554,-91.2028,pierre-part-la,LA,5,-91.2028,29.9554,CDP,145,1002
3076,3548,-0.03694,Lake Providence,3.595,32.802,-91.1752,lake-providence-la,LA,4,-91.1752,32.802,Village,146,856
3075,3155,-0.00646,Greenwood,8.994,32.4315,-93.9599,greenwood-la,LA,4,-93.9599,32.4315,Village,147,342
3026,2186,0.07457,Maurice,2.784,30.1041,-92.1211,maurice-la,LA,4,-92.1211,30.1041,Village,148,1087
3004,3399,-0.0319,Vinton,5.097,30.1954,-93.5822,vinton-la,LA,4,-93.5822,30.1954,Village,149,589
3001,3420,-0.03381,Iowa,3.396,30.2414,-93.013,iowa-la,LA,4,-93.013,30.2414,Village,150,884
2934,3189,-0.02135,Ferriday,1.629,31.6342,-91.5562,ferriday-la,LA,4,-91.5562,31.6342,Village,151,1801
2917,2883,0.00309,New Orleans Station,5.199,29.8274,-90.025,new-orleans-station-la,LA,5,-90.025,29.8274,CDP,152,561
2910,3240,-0.02741,South Vacherie,5.082,29.9402,-90.6877,south-vacherie-la,LA,5,-90.6877,29.9402,CDP,153,573
2903,3059,-0.01326,Vivian,5.517,32.8711,-93.9863,vivian-la,LA,4,-93.9863,32.8711,Village,154,526
2850,2068,0.07385,Milton,4.646,30.114,-92.0691,milton-la,LA,5,-92.0691,30.114,CDP,155,613
2844,3123,-0.02402,Lutcher,3.371,30.063,-90.7117,lutcher-la,LA,4,-90.7117,30.063,Village,156,844
2820,2993,-0.00494,Norco,3.449,29.9983,-90.4045,norco-la,LA,5,-90.4045,29.9983,CDP,157,818
2781,2923,-0.01278,Mamou,1.409,30.6349,-92.4179,mamou-la,LA,4,-92.4179,30.6349,Village,158,1974
2764,2630,0.01208,Abita Springs,4.588,30.4735,-90.0203,abita-springs-la,LA,4,-90.0203,30.4735,Village,159,602
2754,3125,-0.03267,DeQuincy,3.193,30.449,-93.4457,dequincy-la,LA,2,-93.4457,30.449,City,160,863
2735,2238,0.03598,Ossun,3.394,30.2834,-92.107,ossun-la,LA,5,-92.107,30.2834,CDP,161,806
2712,1982,0.07236,Lafourche Crossing,4.21,29.7675,-90.7697,lafourche-crossing-la,LA,5,-90.7697,29.7675,CDP,162,644
2703,2815,-0.01025,Erwinville,9.519,30.541,-91.3885,erwinville-la,LA,5,-91.3885,30.541,CDP,163,284
2695,2917,-0.02036,Gramercy,2.013,30.0619,-90.6936,gramercy-la,LA,4,-90.6936,30.0619,Village,164,1339
2676,2563,0.01057,Pearl River,3.733,30.3714,-89.7504,pearl-river-la,LA,4,-89.7504,30.3714,Village,165,717
2618,2285,0.03274,Stonewall,8.587,32.2713,-93.8074,stonewall-la,LA,4,-93.8074,32.2713,Village,166,305
2607,2574,0.00308,Brusly,2.213,30.3943,-91.2516,brusly-la,LA,4,-91.2516,30.3943,Village,167,1178
2570,2729,-0.01533,Homer,4.653,32.7938,-93.0591,homer-la,LA,4,-93.0591,32.7938,Village,168,552
2562,2150,-0.01764,Bawcomville,3.167,32.4687,-92.1737,bawcomville-la,LA,5,-92.1737,32.4687,CDP,169,809
2557,2589,-0.00312,Lake Arthur,1.854,30.08,-92.6774,lake-arthur-la,LA,4,-92.6774,30.08,Village,170,1379
2530,2730,-0.01938,Arcadia,3.645,32.5508,-92.9214,arcadia-la,LA,4,-92.9214,32.5508,Village,171,694
2526,2621,-0.00941,Delhi,2.872,32.4528,-91.49,delhi-la,LA,4,-91.49,32.4528,Village,172,880
2520,2506,0.00159,Poydras,3.908,29.8596,-89.8873,poydras-la,LA,5,-89.8873,29.8596,CDP,173,645
2490,1989,0.05285,Sterlington,2.832,32.6889,-92.0603,sterlington-la,LA,4,-92.0603,32.6889,Village,174,879
2476,2560,-0.00841,Many,3.407,31.5661,-93.4772,many-la,LA,4,-93.4772,31.5661,Village,175,727
2391,2798,-0.02884,Grand Point,4.293,30.0472,-90.7501,grand-point-la,LA,5,-90.7501,30.0472,CDP,176,557
2341,1761,0.06603,Paulina,4.617,30.037,-90.722,paulina-la,LA,5,-90.722,30.037,CDP,177,507
2340,2491,-0.01598,Lockport,1.133,29.6441,-90.5316,lockport-la,LA,4,-90.5316,29.6441,Village,178,2065
2336,1976,-0.00086,Des Allemands,9.949,29.8154,-90.4705,des-allemands-la,LA,5,-90.4705,29.8154,CDP,179,235
2316,2944,0.00915,Boutte,13.784,29.8874,-90.3888,boutte-la,LA,5,-90.3888,29.8874,CDP,180,168
2257,2015,0.02778,Presquille,0.783,29.5586,-90.6386,presquille-la,LA,5,-90.6386,29.5586,CDP,181,2883
2251,2771,-0.0546,Chauvin,4.761,29.4453,-90.5936,chauvin-la,LA,5,-90.5936,29.4453,CDP,182,473
2184,2151,0.00368,Kentwood,7.11,30.9338,-90.5152,kentwood-la,LA,4,-90.5152,30.9338,Village,183,307
2120,1966,0.00284,Garyville,14.286,30.0657,-90.6347,garyville-la,LA,5,-90.6347,30.0657,CDP,184,148
2111,2037,0.00908,Montz,2.767,30.0248,-90.4604,montz-la,LA,5,-90.4604,30.0248,CDP,185,763
2092,2054,0.00432,Benton,2.516,32.6896,-93.7401,benton-la,LA,4,-93.7401,32.6896,Village,186,831
2045,2205,-0.01918,New Llano,2.674,31.1057,-93.2696,new-llano-la,LA,4,-93.2696,31.1057,Village,187,765
2034,2161,-0.01549,Kinder,5.525,30.4831,-92.852,kinder-la,LA,4,-92.852,30.4831,Village,188,368
2010,2236,0.00249,Amelia,2.521,29.6632,-91.1109,amelia-la,LA,5,-91.1109,29.6632,CDP,189,797
2008,2052,-0.00545,Belle Rose,5.365,30.0422,-91.0497,belle-rose-la,LA,5,-91.0497,30.0422,CDP,190,374
2001,1881,0.01522,Livingston,3.223,30.4953,-90.7467,livingston-la,LA,4,-90.7467,30.4953,Village,191,621
1995,2400,-0.01966,Fort Polk North,8.38,31.1004,-93.1745,fort-polk-north-la,LA,5,-93.1745,31.1004,CDP,192,238
1935,2023,-0.01124,Erath,1.757,29.9588,-92.0374,erath-la,LA,4,-92.0374,29.9588,Village,193,1101
1928,1285,0.0729,Vienna Bend,2.157,31.7397,-93.0346,vienna-bend-la,LA,5,-93.0346,31.7397,CDP,194,894
1926,2028,-0.01332,Cottonport,2.005,30.9892,-92.0509,cottonport-la,LA,4,-92.0509,30.9892,Village,195,961
1903,2023,-0.01552,Haynesville,4.828,32.9663,-93.1381,haynesville-la,LA,4,-93.1381,32.9663,Village,196,394
1867,2053,-0.02405,Cade,6.717,30.0926,-91.8996,cade-la,LA,5,-91.8996,30.0926,CDP,197,278
1847,2231,-0.04941,Bayou L'Ourse,2.724,29.7174,-91.0606,bayou-l'ourse-la,LA,5,-91.0606,29.7174,CDP,198,678
1839,1641,0.02795,North Vacherie,5.619,30.0075,-90.7119,north-vacherie-la,LA,5,-90.7119,30.0075,CDP,199,327
1790,1302,0.07314,Labadieville,3.89,29.8246,-90.9526,labadieville-la,LA,5,-90.9526,29.8246,CDP,200,460
1771,1810,-0.00561,Jean Lafitte,5.85,29.7534,-90.1016,jean-lafitte-la,LA,4,-90.1016,29.7534,Village,201,303
1749,1793,-0.00625,Delcambre,1.144,29.9511,-91.9917,delcambre-la,LA,4,-91.9917,29.9511,Village,202,1529
1747,1753,-0.00114,Port Barre,1.078,30.5555,-91.956,port-barre-la,LA,4,-91.956,30.5555,Village,203,1621
1730,1240,0.07654,Wallace,6.454,30.0246,-90.659,wallace-la,LA,5,-90.659,30.0246,CDP,204,268
1727,1739,-0.00173,Woodworth,8.884,31.1739,-92.5204,woodworth-la,LA,4,-92.5204,31.1739,Village,205,194
1718,1052,0.10482,Ama,3.502,29.9435,-90.2956,ama-la,LA,5,-90.2956,29.9435,CDP,206,491
1665,1225,0.07074,Watson,0.959,30.5749,-90.9508,watson-la,LA,5,-90.9508,30.5749,CDP,207,1736
1655,1749,-0.01429,Baldwin,3.217,29.8413,-91.5549,baldwin-la,LA,4,-91.5549,29.8413,Village,208,514
1655,1745,-0.01371,Coushatta,3.34,32.0258,-93.3406,coushatta-la,LA,4,-93.3406,32.0258,Village,209,496
1654,1636,0.00242,Independence,2.411,30.6361,-90.5052,independence-la,LA,4,-90.5052,30.6361,Village,210,686
1621,839,0.13754,Ventress,2.028,30.6789,-91.4305,ventress-la,LA,5,-91.4305,30.6789,CDP,211,799
1602,1750,-0.02257,Golden Meadow,2.447,29.387,-90.275,golden-meadow-la,LA,4,-90.275,29.387,Village,212,655
1602,1629,-0.00435,Zwolle,4.562,31.6394,-93.6411,zwolle-la,LA,4,-93.6411,31.6394,Village,213,351
1590,1608,-0.00313,Henderson,2.988,30.3178,-91.8037,henderson-la,LA,4,-91.8037,30.3178,Village,214,532
1586,1714,-0.01978,Jonesville,1.92,31.6223,-91.8344,jonesville-la,LA,4,-91.8344,31.6223,Village,215,826
1586,1530,0.00891,Sorrento,3.645,30.1836,-90.8666,sorrento-la,LA,4,-90.8666,30.1836,Village,216,435
1585,1708,-0.01918,White Castle,0.733,30.1617,-91.1485,white-castle-la,LA,4,-91.1485,30.1617,Village,217,2162
1509,1539,-0.00527,St. Francisville,1.825,30.7842,-91.3764,st-francisville-la,LA,4,-91.3764,30.7842,Village,218,827
1485,2535,-0.14997,Bourg,5.646,29.5636,-90.615,bourg-la,LA,5,-90.615,29.5636,CDP,219,263
1464,1488,-0.00408,Pine Prairie,1.613,30.782,-92.422,pine-prairie-la,LA,4,-92.422,30.782,Village,220,908
1440,1515,-0.01302,Rosepine,2.427,30.9245,-93.2885,rosepine-la,LA,4,-93.2885,30.9245,Village,221,593
1427,1185,-0.01992,Banks Springs,3.135,32.0764,-92.0851,banks-springs-la,LA,5,-92.0851,32.0764,CDP,222,455
1427,1323,0.01856,Cecilia,2.118,30.3364,-91.8479,cecilia-la,LA,5,-91.8479,30.3364,CDP,223,674
1398,1464,-0.01201,Simmesport,2.185,30.981,-91.8143,simmesport-la,LA,4,-91.8143,30.981,Village,224,640
1377,1433,-0.01006,Colfax,1.491,31.5196,-92.6997,colfax-la,LA,4,-92.6997,31.5196,Village,225,924
1350,1433,-0.01532,Oak Grove,1.719,32.8624,-91.3912,oak-grove-la,LA,4,-91.3912,32.8624,Village,226,785
1334,1727,-0.02343,Minorca,4.467,31.573,-91.4907,minorca-la,LA,5,-91.4907,31.573,CDP,227,299
1330,1337,-0.0015,Logansport,3.396,31.9758,-93.9934,logansport-la,LA,4,-93.9934,31.9758,Village,228,392
1311,1329,-0.0038,Duson,3.008,30.2384,-92.1891,duson-la,LA,4,-92.1891,30.2384,Village,229,436
1310,1393,-0.01578,Oberlin,4.381,30.6081,-92.775,oberlin-la,LA,4,-92.775,30.6081,Village,230,299
1304,1332,-0.00534,Clinton,2.74,30.8617,-91.0155,clinton-la,LA,4,-91.0155,30.8617,Village,231,476
1297,1297,0,Olla,3.933,31.8981,-92.2404,olla-la,LA,4,-92.2404,31.8981,Village,232,330
1296,1375,-0.0152,Ringgold,2.315,32.3265,-93.2836,ringgold-la,LA,4,-93.2836,32.3265,Village,233,560
1295,1355,-0.01145,Bernice,3.239,32.8277,-92.6585,bernice-la,LA,4,-92.6585,32.8277,Village,234,400
1281,2174,-0.10856,Port Sulphur,5.412,29.5045,-89.722,port-sulphur-la,LA,5,-89.722,29.5045,CDP,235,237
1270,1703,-0.07636,Bayou Gauche,12.853,29.8069,-90.4221,bayou-gauche-la,LA,5,-90.4221,29.8069,CDP,236,99
1264,1324,-0.01173,Mansura,2.854,31.0673,-92.0528,mansura-la,LA,4,-92.0528,31.0673,Village,237,443
1245,1175,0.01384,Killian,10.887,30.3526,-90.5809,killian-la,LA,4,-90.5809,30.3526,Village,238,114
1240,1234,0.00081,Albany,1.34,30.4992,-90.5838,albany-la,LA,4,-90.5838,30.4992,Village,239,925
1240,1304,-0.01274,Iota,1.27,30.3261,-92.4956,iota-la,LA,4,-92.4956,30.3261,Village,240,976
1240,1706,-0.08555,Lockport Heights,1.307,29.659,-90.5506,lockport-heights-la,LA,5,-90.5506,29.659,CDP,241,949
1225,1069,0.03288,Fifth Ward,5.2,31.1207,-92.1584,fifth-ward-la,LA,5,-92.1584,31.1207,CDP,242,236
1219,1830,-0.08139,Mathews,3.981,29.6822,-90.5559,mathews-la,LA,5,-90.5559,29.6822,CDP,243,306
1215,1041,0.03757,Kraemer,5.249,29.8592,-90.6256,kraemer-la,LA,5,-90.6256,29.8592,CDP,244,231
1212,1446,-0.04567,Paincourtville,1.739,29.9886,-91.0554,paincourtville-la,LA,5,-91.0554,29.9886,CDP,245,697
1180,1208,-0.0059,Basile,1.16,30.4855,-92.601,basile-la,LA,4,-92.601,30.4855,Village,246,1017
1179,1363,-0.03755,Bayou Country Club,0.778,29.7796,-90.7893,bayou-country-club-la,LA,5,-90.7893,29.7796,CDP,247,1515
1162,1078,0.0184,French Settlement,2.727,30.3319,-90.8143,french-settlement-la,LA,4,-90.8143,30.3319,Village,248,426
1153,1205,-0.01115,Livonia,1.894,30.5622,-91.5501,livonia-la,LA,4,-91.5501,30.5622,Village,249,609
1133,587,0.13755,Gillis,1.668,30.3769,-93.1998,gillis-la,LA,5,-93.1998,30.3769,CDP,250,679
1112,1162,-0.01156,Gueydan,0.91,30.029,-92.507,gueydan-la,LA,4,-92.507,30.029,Village,251,1222
1103,1809,-0.09959,Montegut,4.208,29.4406,-90.5608,montegut-la,LA,5,-90.5608,29.4406,CDP,252,262
1095,1322,-0.04617,Perry,1.746,29.9532,-92.1529,perry-la,LA,5,-92.1529,29.9532,CDP,253,627
1089,1124,0.0431,Empire,5.217,29.4452,-89.6144,empire-la,LA,5,-89.6144,29.4452,CDP,254,209
1077,1274,0.14331,Center Point,4.73,31.2524,-92.21,center-point-la,LA,5,-92.21,31.2524,CDP,255,228
1063,1125,-0.01483,Sibley,3.886,32.5425,-93.2939,sibley-la,LA,4,-93.2939,32.5425,Village,256,274
1032,1050,-0.00482,Clarks,0.96,32.0288,-92.1408,clarks-la,LA,4,-92.1408,32.0288,Village,257,1075
1032,1087,-0.01338,Glenmora,1.73,30.9733,-92.5824,glenmora-la,LA,4,-92.5824,30.9733,Village,258,597
1026,990,0.00885,Choudrant,4.231,32.5331,-92.5262,choudrant-la,LA,4,-92.5262,32.5331,Village,259,242
1024,1315,0.01789,Hackberry,28.075,29.965,-93.4102,hackberry-la,LA,5,-93.4102,29.965,CDP,260,36
1017,875,0.0367,Crescent,1.666,30.2432,-91.2882,crescent-la,LA,5,-91.2882,30.2432,CDP,261,610
1016,1326,0.02008,Lydia,1.701,29.9263,-91.7813,lydia-la,LA,5,-91.7813,29.9263,CDP,262,597
1015,1265,-0.05757,New Sarpy,1.358,29.9792,-90.3835,new-sarpy-la,LA,5,-90.3835,29.9792,CDP,263,747
999,999,0,Arnaudville,0.694,30.4017,-91.9324,arnaudville-la,LA,4,-91.9324,30.4017,Village,264,1439
999,1027,-0.00696,Slaughter,5.466,30.7276,-91.1361,slaughter-la,LA,4,-91.1361,30.7276,Village,265,183
983,994,-0.00304,Elton,1.661,30.4813,-92.6976,elton-la,LA,4,-92.6976,30.4813,Village,266,592
962,1170,-0.03992,Catahoula,3.062,30.212,-91.7196,catahoula-la,LA,5,-91.7196,30.212,CDP,267,314
952,1007,-0.01449,Grand Isle,6.404,29.2129,-90.0291,grand-isle-la,LA,4,-90.0291,29.2129,Village,268,149
952,972,-0.00522,Merryville,9.789,30.756,-93.5256,merryville-la,LA,4,-93.5256,30.756,Village,269,97
946,896,0.01393,Buras,2.298,29.3537,-89.524,buras-la,LA,5,-89.524,29.3537,CDP,270,412
921,975,-0.01497,Moreauville,3.027,31.0342,-91.9817,moreauville-la,LA,4,-91.9817,31.0342,Village,271,304
918,1248,-0.082,Deville,13.144,31.3449,-92.1418,deville-la,LA,5,-92.1418,31.3449,CDP,272,70
893,884,0.00224,Roseland,2.076,30.7639,-90.5106,roseland-la,LA,4,-90.5106,30.7639,Village,273,430
890,798,0.02653,Dulac,15.988,29.4008,-90.6932,dulac-la,LA,5,-90.6932,29.4008,CDP,274,56
885,887,-0.00113,Campti,1.042,31.898,-93.1164,campti-la,LA,4,-93.1164,31.898,Village,275,849
884,908,-0.00674,Dubach,1.817,32.7033,-92.6615,dubach-la,LA,4,-92.6615,32.7033,Village,276,487
884,964,-0.02212,Start,3.518,32.4917,-91.8678,start-la,LA,5,-91.8678,32.4917,CDP,277,251
883,899,-0.00451,Krotz Springs,1.728,30.5294,-91.7549,krotz-springs-la,LA,4,-91.7549,30.5294,Village,278,511
882,1788,-0.1336,Edgard,11.384,30.0308,-90.5441,edgard-la,LA,5,-90.5441,30.0308,CDP,279,77
878,868,0.00228,Leonville,2.725,30.4619,-91.9835,leonville-la,LA,4,-91.9835,30.4619,Village,280,322
878,848,0.00804,Madisonville,2.527,30.3985,-90.166,madisonville-la,LA,4,-90.166,30.3985,Village,281,347
873,893,-0.00569,Plain Dealing,1.579,32.907,-93.6992,plain-dealing-la,LA,4,-93.6992,32.907,Village,282,553
865,889,-0.00689,Boyce,0.506,31.3899,-92.6704,boyce-la,LA,4,-92.6704,31.3899,Village,283,1709
864,904,-0.01144,Fordoche,2.433,30.594,-91.6179,fordoche-la,LA,4,-91.6179,30.594,Village,284,355
859,894,-0.01037,Oil City,1.882,32.7458,-93.9751,oil-city-la,LA,4,-93.9751,32.7458,Village,285,456
831,331,0.14463,Centerville,0.942,29.7563,-91.4256,centerville-la,LA,5,-91.4256,29.7563,CDP,286,882
830,638,0.06138,Oretta,2.199,30.5289,-93.4391,oretta-la,LA,5,-93.4391,30.5289,CDP,287,377
825,775,0.01476,Folsom,1.989,30.6324,-90.1961,folsom-la,LA,4,-90.1961,30.6324,Village,288,415
814,598,0.07105,Hester,3.461,30.026,-90.7702,hester-la,LA,5,-90.7702,30.026,CDP,289,235
812,846,-0.01096,Lecompte,1.063,31.0882,-92.3999,lecompte-la,LA,4,-92.3999,31.0882,Village,290,764
807,879,-0.02182,Maringouin,0.738,30.4908,-91.5186,maringouin-la,LA,4,-91.5186,30.4908,Village,291,1093
797,847,-0.01605,Anacoco,3.083,31.2569,-93.3465,anacoco-la,LA,4,-93.3465,31.2569,Village,292,259
795,802,-0.00251,Simsboro,3.482,32.5323,-92.7839,simsboro-la,LA,4,-92.7839,32.5323,Village,293,228
782,885,-0.03218,Newellton,0.759,32.0726,-91.2393,newellton-la,LA,4,-91.2393,32.0726,Village,294,1030
760,772,-0.00393,Grand Coteau,2.423,30.4202,-92.0438,grand-coteau-la,LA,4,-92.0438,30.4202,Village,295,314
746,758,-0.00401,Melville,1.256,30.692,-91.7505,melville-la,LA,4,-91.7505,30.692,Village,296,594
741,768,-0.00936,Wisner,0.796,31.9804,-91.6551,wisner-la,LA,4,-91.6551,31.9804,Village,297,931
740,826,-0.02887,St. Joseph,0.89,31.9203,-91.24,st-joseph-la,LA,4,-91.24,31.9203,Village,298,831
739,737,-0.14862,Lawtell,4.147,30.5126,-92.1832,lawtell-la,LA,5,-92.1832,30.5126,CDP,299,178
738,790,-0.01731,Cotton Valley,2.632,32.8134,-93.4231,cotton-valley-la,LA,4,-93.4231,32.8134,Village,300,280
733,768,-0.01213,Hessmer,0.827,31.0534,-92.1215,hessmer-la,LA,4,-92.1215,31.0534,Village,301,886
731,767,-0.01216,Midway,3.032,31.6756,-92.1466,midway-la,LA,5,-92.1466,31.6756,CDP,302,241
728,770,-0.01488,Gibsland,2.633,32.5402,-93.0553,gibsland-la,LA,4,-93.0553,32.5402,Village,303,276
727,937,-0.06675,Welcome,4.538,30.0443,-90.8835,welcome-la,LA,5,-90.8835,30.0443,CDP,304,160
715,742,-0.0097,Washington,0.827,30.6156,-92.0599,washington-la,LA,4,-92.0599,30.6156,Village,305,865
702,648,0.01887,Port Vincent,1.704,30.3364,-90.8436,port-vincent-la,LA,4,-90.8436,30.3364,Village,306,412
700,494,0.08025,Supreme,3.385,29.8619,-90.9927,supreme-la,LA,5,-90.9927,29.8619,CDP,307,207
695,1196,-0.09269,Lakeview,0.825,32.5238,-93.8298,lakeview-la,LA,5,-93.8298,32.5238,CDP,308,842
695,742,-0.01697,Mooringsport,1.288,32.6794,-93.9602,mooringsport-la,LA,4,-93.9602,32.6794,Village,309,540
692,702,-0.00432,Urania,1.371,31.8634,-92.2913,urania-la,LA,4,-92.2913,31.8634,Village,310,505
683,673,0.00294,Tickfaw,1.618,30.5769,-90.4871,tickfaw-la,LA,4,-90.4871,30.5769,Village,311,422
682,415,0.10535,Convent,3.887,30.0152,-90.8202,convent-la,LA,5,-90.8202,30.0152,CDP,312,175
673,713,-0.01464,Sarepta,1.633,32.895,-93.4515,sarepta-la,LA,4,-93.4515,32.895,Village,313,412
672,696,-0.00885,Estherwood,1.864,30.1816,-92.4633,estherwood-la,LA,4,-92.4633,30.1816,Village,314,361
670,718,-0.0176,Cullen,1.153,32.9677,-93.4465,cullen-la,LA,4,-93.4465,32.9677,Village,315,581
664,1002,-0.1123,Egan,4.849,30.2455,-92.5116,egan-la,LA,5,-92.5116,30.2455,CDP,316,137
648,596,0.02047,St. James,8.388,30.0186,-90.8509,st-james-la,LA,5,-90.8509,30.0186,CDP,317,77
643,674,-0.01229,Doyline,3.328,32.5207,-93.4157,doyline-la,LA,4,-93.4157,32.5207,Village,318,193
631,641,-0.00473,Parks,0.845,30.2178,-91.8276,parks-la,LA,4,-91.8276,30.2178,Village,319,747
629,657,-0.01101,Loreauville,0.446,30.0588,-91.7388,loreauville-la,LA,4,-91.7388,30.0588,Village,320,1410
624,630,-0.00319,Greensburg,2.519,30.8296,-90.6699,greensburg-la,LA,4,-90.6699,30.8296,Village,321,248
624,602,0.00971,Point Place,0.975,31.6876,-93.025,point-place-la,LA,5,-93.025,31.6876,CDP,322,640
623,654,-0.01268,Rosedale,7.78,30.4429,-91.4601,rosedale-la,LA,4,-91.4601,30.4429,Village,323,80
618,626,-0.00323,Montgomery,2.066,31.6674,-92.8871,montgomery-la,LA,4,-92.8871,31.6674,Village,324,299
605,648,0.11213,Fort Jesup,4.266,31.6114,-93.4062,fort-jesup-la,LA,5,-93.4062,31.6114,CDP,325,142
604,614,-0.00494,Pleasant Hill,1.615,31.8154,-93.5164,pleasant-hill-la,LA,4,-93.5164,31.8154,Village,326,374
603,606,-0.00166,Forest Hill,3.758,31.0499,-92.5253,forest-hill-la,LA,4,-92.5253,31.0499,Village,327,160
600,624,-0.0099,Mangham,1.112,32.3093,-91.7794,mangham-la,LA,4,-91.7794,32.3093,Village,328,540
598,594,0.00168,Morse,1.401,30.1221,-92.4984,morse-la,LA,4,-92.4984,30.1221,Village,329,427
597,623,-0.01159,Marion,3.21,32.8979,-92.2404,marion-la,LA,4,-92.2404,32.8979,Village,330,186
580,579,0,Cankton,2.039,30.3455,-92.1131,cankton-la,LA,4,-92.1131,30.3455,Village,331,284
565,605,-0.01739,Boothville,2.149,29.3325,-89.4057,boothville-la,LA,5,-89.4057,29.3325,CDP,332,263
551,692,0.03766,Union,9.546,30.0861,-90.889,union-la,LA,5,-90.889,30.0861,CDP,333,58
549,581,-0.01436,Simpson,8.122,31.2646,-93.0161,simpson-la,LA,4,-93.0161,31.2646,Village,334,68
543,951,-0.15814,Wallace Ridge,7.001,31.6841,-91.8287,wallace-ridge-la,LA,5,-91.8287,31.6841,CDP,335,78
542,1560,-0.3191,Charenton,4.967,29.8671,-91.54,charenton-la,LA,5,-91.54,29.8671,CDP,336,109
542,554,-0.0055,Florien,2.233,31.4575,-93.4592,florien-la,LA,4,-93.4592,31.4575,Village,337,243
540,552,-0.00552,Grosse Tete,1.467,30.4154,-91.4394,grosse-tete-la,LA,4,-91.4394,30.4154,Village,338,368
537,1508,-0.09596,Paradis,6.429,29.8665,-90.44,paradis-la,LA,5,-90.44,29.8665,CDP,339,84
532,579,-0.02206,Clayton,1.582,31.7222,-91.5346,clayton-la,LA,4,-91.5346,31.7222,Village,340,336
526,576,-0.02412,Ridgecrest,0.43,31.6018,-91.5304,ridgecrest-la,LA,4,-91.5304,31.6018,Village,341,1223
522,355,0.05242,Branch,7.356,30.3386,-92.2857,branch-la,LA,5,-92.2857,30.3386,CDP,342,71
522,355,0.08299,Lewisburg,0.503,30.3676,-90.102,lewisburg-la,LA,5,-90.102,30.3676,CDP,343,1038
517,1027,-0.1972,Barataria,4.285,29.714,-90.1215,barataria-la,LA,5,-90.1215,29.714,CDP,344,121
514,560,-0.02095,Sorrel,2.116,29.8884,-91.6266,sorrel-la,LA,5,-91.6266,29.8884,CDP,345,243
505,525,-0.0098,Provencal,2.458,31.6547,-93.2001,provencal-la,LA,4,-93.2001,31.6547,Village,346,205
504,542,-0.01946,Napoleonville,0.168,29.9383,-91.0264,napoleonville-la,LA,4,-91.0264,29.9383,Village,347,3000
503,522,-0.00984,Martin,11.55,32.0999,-93.2191,martin-la,LA,4,-93.2191,32.0999,Village,348,44
500,442,0.03093,Spokane,2.353,31.7041,-91.4605,spokane-la,LA,5,-91.4605,31.7041,CDP,349,212
497,519,-0.01193,Morganza,1.205,30.7381,-91.5916,morganza-la,LA,4,-91.5916,30.7381,Village,350,412
490,517,-0.01408,Mermentau,2.132,30.188,-92.5838,mermentau-la,LA,4,-92.5838,30.188,Village,351,230
482,488,-0.00413,Natchez,1.032,31.6741,-93.0455,natchez-la,LA,4,-93.0455,31.6741,Village,352,467
475,490,-0.00835,Chatham,0.988,32.3092,-92.4514,chatham-la,LA,4,-92.4514,32.3092,Village,353,481
471,513,-0.02282,Richmond,1.659,32.3884,-91.1804,richmond-la,LA,4,-91.1804,32.3884,Village,354,284
470,537,-0.03491,Waterproof,0.697,31.8072,-91.3861,waterproof-la,LA,4,-91.3861,31.8072,Village,355,674
463,481,-0.01068,Vienna,3.467,32.6092,-92.6481,vienna-la,LA,4,-92.6481,32.6092,Village,356,134
454,426,0.01566,Springfield,1.405,30.4256,-90.5444,springfield-la,LA,4,-90.5444,30.4256,Village,357,323
454,426,0.01566,Tangipahoa,1.005,30.8758,-90.5138,tangipahoa-la,LA,4,-90.5138,30.8758,Village,358,452
447,485,-0.02188,Mer Rouge,1.172,32.7769,-91.7944,mer-rouge-la,LA,4,-91.7944,32.7769,Village,359,381
437,452,-0.00907,Dry Prong,1.386,31.5813,-92.5314,dry-prong-la,LA,4,-92.5314,31.5813,Village,360,315
436,446,-0.00683,Gilbert,1.049,32.0512,-91.6577,gilbert-la,LA,4,-91.6577,32.0512,Village,361,416
435,461,-0.01584,Cheneyville,1.016,31.011,-92.2901,cheneyville-la,LA,4,-92.2901,31.011,Village,362,428
433,449,-0.00915,Grayson,1.273,32.0492,-92.1116,grayson-la,LA,4,-92.1116,32.0492,Village,363,340
415,435,-0.0119,Junction City,1.229,33.0073,-92.7224,junction-city-la,LA,4,-92.7224,33.0073,Village,364,338
413,424,-0.00721,Goldonna,13.07,32.0112,-92.93,goldonna-la,LA,4,-92.93,32.0112,Village,365,32
409,427,-0.01208,Hornbeck,1.151,31.326,-93.3958,hornbeck-la,LA,4,-93.3958,31.326,Village,366,355
404,395,0.00498,Sun,4.268,30.6525,-89.9105,sun-la,LA,4,-89.9105,30.6525,Village,367,95
403,397,0.00249,Turkey Creek,2.479,30.8732,-92.417,turkey-creek-la,LA,4,-92.417,30.8732,Village,368,163
402,306,0.06349,Singer,6.947,30.6512,-93.4117,singer-la,LA,5,-93.4117,30.6512,CDP,369,58
396,411,-0.01,Elizabeth,1.648,30.8657,-92.8018,elizabeth-la,LA,4,-92.8018,30.8657,Village,370,240
386,396,-0.00771,Pollock,7.836,31.4941,-92.4413,pollock-la,LA,4,-92.4413,31.4941,Village,371,49
375,377,-0.00266,Converse,2.181,31.7795,-93.7001,converse-la,LA,4,-93.7001,31.7795,Village,372,172
368,384,-0.01075,Hodge,0.967,32.27,-92.7297,hodge-la,LA,4,-92.7297,32.27,Village,373,381
357,348,0.00563,Wilson,2.711,30.9256,-91.1053,wilson-la,LA,4,-91.1053,30.9256,Village,374,132
356,938,-0.28942,Choctaw,6.251,29.8457,-90.7238,choctaw-la,LA,5,-90.7238,29.8457,CDP,375,57
351,387,-0.025,Siracusaville,0.799,29.688,-91.1511,siracusaville-la,LA,5,-91.1511,29.688,CDP,376,439
344,980,-0.3161,Lemannville,1.013,30.101,-90.9284,lemannville-la,LA,5,-90.9284,30.101,CDP,377,340
337,365,-0.02035,Sicily Island,0.574,31.8488,-91.6594,sicily-island-la,LA,4,-91.6594,31.8488,Village,378,587
337,335,0,South Mansfield,0.679,32.0171,-93.718,south-mansfield-la,LA,4,-93.718,32.0171,Village,379,496
334,358,-0.01765,Epps,0.966,32.6038,-91.4814,epps-la,LA,4,-91.4814,32.6038,Village,380,346
333,170,0.02147,Longville,5.707,30.6106,-93.225,longville-la,LA,5,-93.225,30.6106,CDP,381,58
330,179,0.12628,Starks,3.429,30.3105,-93.6667,starks-la,LA,5,-93.6667,30.3105,CDP,382,96
327,347,-0.01506,Kilbourne,1.386,32.9972,-91.3139,kilbourne-la,LA,4,-91.3139,32.9972,Village,383,236
326,192,0.06189,Rock Hill,3.853,31.439,-92.5759,rock-hill-la,LA,5,-92.5759,31.439,CDP,384,85
319,327,-0.00623,Clarence,1.572,31.8203,-93.0291,clarence-la,LA,4,-93.0291,31.8203,Village,385,203
319,325,-0.00623,Varnado,0.849,30.8953,-89.8319,varnado-la,LA,4,-89.8319,30.8953,Village,386,376
314,370,-0.04268,Bayou Goula,2.443,30.217,-91.1809,bayou-goula-la,LA,5,-91.1809,30.217,CDP,387,129
309,275,0.03,Echo,1.742,31.1085,-92.2406,echo-la,LA,5,-92.2406,31.1085,CDP,388,177
304,380,-0.05882,Good Pine,0.769,31.6935,-92.1629,good-pine-la,LA,5,-92.1629,31.6935,CDP,389,395
304,307,-0.00328,Tullos,1.584,31.8174,-92.3267,tullos-la,LA,4,-92.3267,31.8174,Village,390,192
302,360,-0.0443,Pointe Hache,1.762,29.5738,-89.7808,pointe-hache-la,LA,5,-89.7808,29.5738,CDP,391,171
300,654,-0.2268,Hayes,2.78,30.1111,-92.9239,hayes-la,LA,5,-92.9239,30.1111,CDP,392,108
292,368,-0.06109,St. Maurice,6.665,31.7613,-92.9389,st-maurice-la,LA,5,-92.9389,31.7613,CDP,393,44
287,295,-0.00692,North Hodge,0.678,32.2825,-92.7184,north-hodge-la,LA,4,-92.7184,32.2825,Village,394,423
282,298,-0.01399,Forest,1.671,32.7924,-91.4126,forest-la,LA,4,-91.4126,32.7924,Village,395,169
281,296,-0.01404,Dodson,2.511,32.0791,-92.6586,dodson-la,LA,4,-92.6586,32.0791,Village,396,112
273,292,-0.01799,Dixie Inn,0.485,32.5968,-93.3322,dixie-inn-la,LA,4,-93.3322,32.5968,Village,397,563
271,275,-0.00368,Georgetown,1.299,31.7585,-92.3803,georgetown-la,LA,4,-92.3803,31.7585,Village,398,209
270,850,-0.34783,Lafitte,4.841,29.7109,-90.0968,lafitte-la,LA,5,-90.0968,29.7109,CDP,399,56
268,278,-0.01107,Norwood,4.083,30.9734,-91.1103,norwood-la,LA,4,-91.1103,30.9734,Village,400,66
264,280,-0.01493,Columbia,0.764,32.1021,-92.0764,columbia-la,LA,4,-92.0764,32.1021,Village,401,346
263,269,-0.00755,Hall Summit,1.673,32.177,-93.3051,hall-summit-la,LA,4,-93.3051,32.177,Village,402,157
263,177,0.09129,Prospect,1.476,31.4464,-92.4964,prospect-la,LA,5,-92.4964,31.4464,CDP,403,178
261,243,0.01556,Creola,0.41,31.4269,-92.481,creola-la,LA,4,-92.481,31.4269,Village,404,637
259,173,0.09283,Midland,0.201,30.1805,-92.5015,midland-la,LA,5,-92.5015,30.1805,CDP,405,1289
257,111,0.16818,Joyce,2.925,31.9347,-92.5851,joyce-la,LA,5,-92.5851,31.9347,CDP,406,88
256,278,-0.0229,Harrisonburg,0.968,31.7685,-91.823,harrisonburg-la,LA,4,-91.823,31.7685,Village,407,264
254,261,-0.00781,Chataignier,0.628,30.5696,-92.3168,chataignier-la,LA,4,-92.3168,30.5696,Village,408,404
251,270,-0.01953,Collinston,1.127,32.6893,-91.8718,collinston-la,LA,4,-91.8718,32.6893,Village,409,223
249,256,-0.00797,Angie,1.532,30.9613,-89.8211,angie-la,LA,4,-89.8211,30.9613,Village,410,163
248,263,-0.01587,Saline,1.19,32.1631,-92.9768,saline-la,LA,4,-92.9768,32.1631,Village,411,208
247,242,0.00407,Keachi,5.032,32.168,-93.9145,keachi-la,LA,4,-93.9145,32.168,Village,412,49
242,300,-0.05469,Pleasure Bend,4.195,29.9221,-90.6412,pleasure-bend-la,LA,5,-90.6412,29.9221,CDP,413,58
237,249,-0.0125,Dubberly,3.939,32.5476,-93.2323,dubberly-la,LA,4,-93.2323,32.5476,Village,414,60
236,250,-0.01667,Belcher,1.574,32.7522,-93.8372,belcher-la,LA,4,-93.8372,32.7522,Village,415,150
236,244,-0.0084,Hosston,2.663,32.8861,-93.8827,hosston-la,LA,4,-93.8827,32.8861,Village,416,89
236,250,-0.01667,Lucky,8.171,32.2441,-93.0133,lucky-la,LA,4,-93.0133,32.2441,Village,417,29
235,57,0.19898,Lacassine,1.75,30.2331,-92.9208,lacassine-la,LA,5,-92.9208,30.2331,CDP,418,134
231,243,-0.01282,Calvin,2.293,31.9617,-92.7758,calvin-la,LA,4,-92.7758,31.9617,Village,419,101
227,237,-0.01304,Athens,3.501,32.658,-93.0277,athens-la,LA,4,-93.0277,32.658,Village,420,65
226,308,-0.0813,Rio,1.133,30.6914,-89.8896,rio-la,LA,5,-89.8896,30.6914,CDP,421,199
219,222,-0.00455,Reeves,2.417,30.5217,-93.0362,reeves-la,LA,4,-93.0362,30.5217,Village,422,91
216,230,-0.01818,Castor,1.191,32.2549,-93.166,castor-la,LA,4,-93.166,32.2549,Village,423,181
215,219,-0.00463,Grand Cane,1.132,32.0839,-93.809,grand-cane-la,LA,4,-93.809,32.0839,Village,424,190
209,228,-0.02336,Delta,4.437,32.3222,-90.9585,delta-la,LA,4,-90.9585,32.3222,Village,425,47
209,224,-0.01878,Fenton,0.485,30.3643,-92.917,fenton-la,LA,4,-92.917,30.3643,Village,426,431
208,222,-0.01887,Plaucheville,1.514,30.9647,-91.9837,plaucheville-la,LA,4,-91.9837,30.9647,Village,427,137
206,209,-0.00483,Baskin,1.333,32.2591,-91.7473,baskin-la,LA,4,-91.7473,32.2591,Village,428,155
206,218,-0.01435,Ida,1.42,32.9989,-93.8964,ida-la,LA,4,-93.8964,32.9989,Village,429,145
205,216,-0.01442,Evergreen,1.022,30.9528,-92.1052,evergreen-la,LA,4,-92.1052,30.9528,Village,430,201
204,83,0.09677,Trout,0.088,31.6967,-92.1797,trout-la,LA,5,-92.1797,31.6967,CDP,431,2318
203,213,-0.01456,Heflin,1.913,32.4591,-93.2731,heflin-la,LA,4,-93.2731,32.4591,Village,432,106
203,199,0.00495,Noble,1.033,31.6899,-93.6832,noble-la,LA,4,-93.6832,31.6899,Village,433,197
201,550,-0.21484,Roanoke,0.428,30.2355,-92.7481,roanoke-la,LA,5,-92.7481,30.2355,CDP,434,470
197,203,-0.01005,East Hodge,0.234,32.2776,-92.7137,east-hodge-la,LA,4,-92.7137,32.2776,Village,435,842
197,201,-0.00505,McNary,1.842,30.9904,-92.5815,mcnary-la,LA,4,-92.5815,30.9904,Village,436,107
195,198,-0.0051,Montpelier,1.867,30.6852,-90.6566,montpelier-la,LA,4,-90.6566,30.6852,Village,437,104
189,193,-0.00526,Ashland,26.987,32.1204,-93.1125,ashland-la,LA,4,-93.1125,32.1204,Village,438,7
189,200,-0.01563,Edgefield,0.248,32.0501,-93.336,edgefield-la,LA,4,-93.336,32.0501,Village,439,762
188,194,-0.01053,Fisher,0.616,31.4933,-93.4597,fisher-la,LA,4,-93.4597,31.4933,Village,440,305
181,189,-0.01093,Rodessa,1.204,32.9736,-93.9972,rodessa-la,LA,4,-93.9972,32.9736,Village,441,150
179,190,-0.01648,Bienville,11.037,32.3632,-92.9748,bienville-la,LA,4,-92.9748,32.3632,Village,442,16
173,59,0.11613,Darrow,0.207,30.1212,-90.9843,darrow-la,LA,5,-90.9843,30.1212,CDP,443,836
165,171,-0.01198,Lisbon,13.124,32.7894,-92.8672,lisbon-la,LA,4,-92.8672,32.7894,Village,444,13
163,219,-0.0791,Cameron,11.427,29.7952,-93.2915,cameron-la,LA,5,-93.2915,29.7952,CDP,445,14
161,235,-0.10056,Belmont,10.031,31.7182,-93.5082,belmont-la,LA,5,-93.5082,31.7182,CDP,446,16
160,72,0.15942,Delacroix,0.221,29.7624,-89.7895,delacroix-la,LA,5,-89.7895,29.7624,CDP,447,724
158,320,-0.16402,Triumph,2.784,29.3395,-89.4816,triumph-la,LA,5,-89.4816,29.3395,CDP,448,57
157,171,-0.02484,Bonita,1.349,32.9205,-91.6751,bonita-la,LA,4,-91.6751,32.9205,Village,449,116
155,158,-0.00641,Quitman,0.934,32.3531,-92.7235,quitman-la,LA,4,-92.7235,32.3531,Village,450,166
149,148,0,Pioneer,1.086,32.7381,-91.4381,pioneer-la,LA,4,-91.4381,32.7381,Village,451,137
146,156,-0.02013,Atlanta,1.082,31.8064,-92.7383,atlanta-la,LA,4,-92.7383,31.8064,Village,452,135
141,148,-0.01399,Shongaloo,7.896,32.9403,-93.2932,shongaloo-la,LA,4,-93.2932,32.9403,Village,453,18
140,490,-0.38326,Bordelonville,4.348,31.1012,-91.9005,bordelonville-la,LA,5,-91.9005,31.1012,CDP,454,32
140,258,-0.1716,Glencoe,0.662,29.8112,-91.6704,glencoe-la,LA,5,-91.6704,29.8112,CDP,455,211
138,624,-0.46718,Pitkin,6.229,30.9364,-92.93,pitkin-la,LA,5,-92.93,30.9364,CDP,456,22
136,114,-0.13924,Jordan Hill,6.711,31.8591,-92.5156,jordan-hill-la,LA,5,-92.5156,31.8591,CDP,457,20
129,265,-0.20859,Calhoun,2.362,32.5153,-92.3539,calhoun-la,LA,5,-92.3539,32.5153,CDP,458,55
129,128,0,Stanley,2.171,31.9567,-93.9048,stanley-la,LA,4,-93.9048,31.9567,Village,459,59
128,130,-0.00775,Eros,0.996,32.3926,-92.4239,eros-la,LA,4,-92.4239,32.3926,Village,460,129
125,127,0,Moonshine,0.364,29.965,-90.813,moonshine-la,LA,5,-90.813,29.965,CDP,461,343
122,188,-0.11594,Morrow,1.066,30.8294,-92.082,morrow-la,LA,5,-92.082,30.8294,CDP,462,114
118,124,-0.01667,Spearsville,2.366,32.932,-92.6001,spearsville-la,LA,4,-92.6001,32.932,Village,463,50
117,117,0,Longstreet,2.051,32.098,-93.9499,longstreet-la,LA,4,-93.9499,32.098,Village,464,57
116,730,-0.56877,Reddell,3.806,30.6687,-92.4268,reddell-la,LA,5,-92.4268,30.6687,CDP,465,30
113,124,-0.02586,Oak Ridge,0.994,32.6244,-91.7731,oak-ridge-la,LA,4,-91.7731,32.6244,Village,466,114
113,116,-0.00877,Robeline,1.19,31.6898,-93.3039,robeline-la,LA,4,-93.3039,31.6898,Village,467,95
112,122,-0.02609,Gilliam,2.365,32.8282,-93.8418,gilliam-la,LA,4,-93.8418,32.8282,Village,468,47
111,119,-0.0177,Downsville,0.744,32.6264,-92.4129,downsville-la,LA,4,-92.4129,32.6264,Village,469,149
109,112,-0.00909,Sikes,1.563,32.079,-92.4863,sikes-la,LA,4,-92.4863,32.079,Village,470,70
108,280,-0.28477,Venice,1.003,29.2876,-89.3644,venice-la,LA,5,-89.3644,29.2876,CDP,471,108
107,110,-0.00926,Lillie,1.929,32.92,-92.6613,lillie-la,LA,4,-92.6613,32.92,Village,472,55
105,371,-0.38596,Monterey,2.834,31.4443,-91.7187,monterey-la,LA,5,-91.7187,31.4443,CDP,473,37
98,94,0.01031,Palmetto,0.887,30.7177,-91.9091,palmetto-la,LA,4,-91.9091,30.7177,Village,474,110
98,101,-0.0101,Powhatan,0.538,31.8738,-93.2032,powhatan-la,LA,4,-93.2032,31.8738,Village,475,182
91,41,0.16667,Gloster,1.26,32.1904,-93.8047,gloster-la,LA,5,-93.8047,32.1904,CDP,476,72
87,86,0,Bryceland,2.332,32.445,-92.9901,bryceland-la,LA,4,-92.9901,32.445,Village,477,37
87,93,-0.02247,Jamestown,1.751,32.3419,-93.2066,jamestown-la,LA,4,-93.2066,32.3419,Village,478,50
62,59,-0.31868,Dorseyville,0.152,30.1774,-91.1614,dorseyville-la,LA,5,-91.1614,30.1774,CDP,479,408
62,68,-0.03125,Mount Lebanon,4.03,32.5052,-93.0499,mount-lebanon-la,LA,4,-93.0499,32.5052,Village,480,15
51,15,-0.26087,Taft,4.982,29.9851,-90.4524,taft-la,LA,5,-90.4524,29.9851,CDP,481,10
11,13,-0.08333,Mound,0.522,32.3318,-91.0245,mound-la,LA,4,-91.0245,32.3318,Village,482,21
